"","Value","Std.Error","DF","t-value","p-value"
"(Intercept)",-0.0096535450617795,0.000918401382552037,2428,-10.5112483987714,2.6553202834173e-25
"stimulusPain",0.00376810826384505,0.000707921236143234,2428,5.32277896390531,1.11564793836236e-07
"conditionSleepDeprived",-0.00201319967338118,0.0013820040573831,2428,-1.4567248646095,0.145321647453965
"AgeGroupOld",0.00513300139157464,0.00183680276510407,71,2.79453052286961,0.00667841900461028
"stimulusPain:conditionSleepDeprived",0.00092044762988535,0.00141684179865717,2428,0.649647427650508,0.515981443097587
"stimulusPain:AgeGroupOld",-0.00142714632409998,0.00141584247228646,2428,-1.00798383438467,0.313562663424076
"conditionSleepDeprived:AgeGroupOld",0.00286122941373356,0.00276400811476622,2428,1.03517402805294,0.300690734079076
"stimulusPain:conditionSleepDeprived:AgeGroupOld",-0.00056946659139601,0.00283368359731434,2428,-0.200963365118015,0.840744052591964
