"","Value","Std.Error","DF","t-value","p-value"
"(Intercept)",-0.00134347862763918,0.00114477975440594,670,-1.17356952065976,0.240984507160856
"stimulusangry",0.00521940933948926,0.00134353045151814,670,3.88484632677399,0.000112557563813782
"stimulushappy",0.00551188296255799,0.0013479481304386,670,4.08909129223282,4.85696281528289e-05
"conditionSleepDeprived",0.0022146176877102,0.00228955950881188,60,0.967268017794145,0.337292918898727
"stimulusangry:conditionSleepDeprived",-0.00128443140535264,0.00268706090303626,670,-0.478006063763309,0.632801807033919
"stimulushappy:conditionSleepDeprived",0.00113960697897203,0.0026958962608772,670,0.422719151144644,0.672635812765931
