"","lower","est.","upper"
"(Intercept)",-0.00359126624963422,-0.00134347862763918,0.000904308994355862
"stimulusangry",0.00258137254064402,0.00521940933948926,0.0078574461383345
"stimulushappy",0.00286517200262881,0.00551188296255799,0.00815859392248718
"conditionSleepDeprived",-0.00236518321113824,0.0022146176877102,0.00679441858655863
"stimulusangry:conditionSleepDeprived",-0.00656050500304307,-0.00128443140535264,0.00399164219233778
"stimulushappy:conditionSleepDeprived",-0.00415381494088634,0.00113960697897203,0.0064330288988304
